{
    "ローソンスパイファミリー": {
        "Joy": 25.20635569680864,
        "Sentiment": 21.13642363769558,
        "Surprise": 15.833735836050968,
        "Anticipation": 15.527858987880098,
        "Trust": 11.932201941219658,
        "Sadness": 6.410186382062926,
        "Disgust": 2.447657580194438,
        "Fear": 1.5055799380876866,
        "Anger": 0.0
    },
    "Jin": {
        "Joy": 22.718697705613785,
        "Surprise": 19.57859789318358,
        "Sentiment": 18.720299839011254,
        "Anticipation": 17.328005187348843,
        "Sadness": 11.052961021229471,
        "Trust": 8.651566931620307,
        "Disgust": 1.9200887755283267,
        "Fear": 0.029782646464411526,
        "Anger": 0.0
    },
    "TheAstronaut": {
        "Surprise": 33.14659887188619,
        "Sadness": 23.514105584260257,
        "Anticipation": 12.734638937254301,
        "Joy": 9.370727239571448,
        "Anger": 8.604364227498877,
        "Fear": 6.765702542354072,
        "Sentiment": 3.116773485678727,
        "Disgust": 2.7470891114961202,
        "Trust": 0.0
    },
    "ファミマ地域シュー": {
        "Surprise": 25.712110826605706,
        "Joy": 23.35414565571111,
        "Sentiment": 17.896443780133477,
        "Anticipation": 16.01296288756518,
        "Sadness": 9.529945239968125,
        "Trust": 3.441223301491598,
        "Disgust": 3.2934700524565943,
        "Anger": 0.7596982560681934,
        "Fear": 0.0
    },
    "モーニングショー": {
        "Anger": 23.309113466193313,
        "Disgust": 22.767980995936867,
        "Surprise": 22.37446227243708,
        "Sadness": 13.61753048311709,
        "Fear": 8.82004130826101,
        "Trust": 3.8872142640381275,
        "Anticipation": 2.7583130714425814,
        "Joy": 2.4653441385739314,
        "Sentiment": 0.0
    },
    "JPFC": {
        "Anticipation": 17.612990776055693,
        "Joy": 17.352597324298817,
        "Sentiment": 16.25394899836962,
        "Sadness": 13.731064398133627,
        "Surprise": 13.715781136118634,
        "Trust": 12.670903134582039,
        "Fear": 4.674605043371578,
        "Disgust": 3.988109189069988,
        "Anger": 0.0
    },
    "iPad": {
        "Surprise": 36.212131621564325,
        "Sadness": 33.301533747127486,
        "Anticipation": 9.371539698739292,
        "Disgust": 7.400757536566263,
        "Anger": 7.110243823250219,
        "Trust": 4.111887209482168,
        "Joy": 1.9394575107897845,
        "Fear": 0.5524488524804707,
        "Sentiment": 0.0
    },
    "玉川さん": {
        "Surprise": 36.333718762531035,
        "Disgust": 14.99404881214147,
        "Sadness": 12.643661763079448,
        "Trust": 12.411367505389315,
        "Anger": 10.144319784760999,
        "Anticipation": 8.94524658478815,
        "Joy": 3.3035212248537547,
        "Fear": 1.2241155624558258,
        "Sentiment": 0.0
    },
    "ダイヤのA": {
        "Joy": 23.224818506023414,
        "Surprise": 22.1766941344818,
        "Sentiment": 16.977185403023963,
        "Anticipation": 16.05722832438419,
        "Sadness": 11.583063052938929,
        "Trust": 4.629728229928692,
        "Fear": 3.184732286496635,
        "Disgust": 2.1665500627223877,
        "Anger": 0.0
    },
    "地震2回": {
        "Fear": 30.962015244662982,
        "Surprise": 29.709202310013975,
        "Disgust": 15.759959013234328,
        "Sadness": 15.336725258450091,
        "Joy": 5.852302795000823,
        "Sentiment": 1.2798532604847015,
        "Anger": 0.7643109357176964,
        "Trust": 0.33563118243539947,
        "Anticipation": 0.0
    }
}